id,First Name,Last Name
1,Caroline,Ryan
2,Ted,Gibson
3,Jordan,Spencer
4,Patrick,Fowler
5,Ned,Riley
6,Valeria,Morrison
7,Victor,Roberts
8,Isabella,Barnes
9,Lucia,Morris
10,Chester,Owens
11,Antony,Robinson
12,Nicole,Edwards
13,Amelia,Stevens
14,Lana,Campbell
15,Edwin,Hunt
16,Lucy,Ferguson
17,Heather,Smith
18,Spike,Morgan
19,Miller,Howard
20,Adele,Perry
21,Spike,Walker
22,Wilson,Armstrong
23,Alberta,Johnson
24,Aston,Hunt
25,Melissa,Armstrong
26,Charlie,Andrews
27,Sarah,Johnson
28,Sawyer,Martin
29,Albert,Hawkins
30,Alisa,Ellis
31,Victor,Johnson
32,Ada,Andrews
33,Rubie,Allen
34,Alissa,Hill
35,Lenny,Perkins
36,Robert,Martin
37,Spike,Thompson
38,Maria,Andrews
39,Charlotte,Grant
40,Abraham,Hunt
41,Maddie,Payne
42,Charlotte,Morrison
43,Lydia,Bennett
44,Sophia,Hunt
45,Jenna,Moore
46,Arnold,Ross
47,Fenton,Murray
48,Victoria,Tucker
49,Alberta,Nelson
50,Tess,Douglas
51,Brianna,Brooks
52,Jared,Tucker
53,Arianna,Brown
54,Alan,Watson
55,Miller,Kelly
56,Jenna,Myers
57,Aston,Bennett
58,James,Moore
59,Maddie,Warren
60,Stuart,Walker
61,Tara,Ellis
62,Alexia,Cameron
63,Catherine,Harper
64,Ryan,Ferguson
65,Rafael,Owens
66,Cherry,Howard
67,Michelle,Farrell
68,Vanessa,Wilson
69,Emma,Kelley
70,Aiden,Johnson
71,Edwin,Cooper
72,Max,Smith
73,Alen,Wright
74,Spike,Riley
75,Natalie,Jones
76,Cherry,Phillips
77,Oliver,Sullivan
78,John,Johnson
79,Roland,Spencer
80,Kevin,Montgomery
81,Ryan,Russell
82,Maya,Payne
83,Anna,Spencer
84,Jessica,Payne
85,William,Spencer
86,April,Campbell
87,Adelaide,Morgan
88,Carina,Nelson
89,Daniel,Miller
90,Abraham,Harrison
91,Arnold,Hawkins
92,Michelle,Gray
93,Kristian,Phillips
94,Adam,Evans
95,Audrey,Hunt
96,Kate,Fowler
97,Catherine,Payne
98,Eric,Morgan
99,Alfred,Williams
100,Emma,Miller
101,Stuart,Hall
102,Evelyn,Fowler
103,Melanie,Johnston
104,Joyce,Murphy
105,Adrian,Dixon
106,Kevin,Kelley
107,Cadie,Edwards
108,Lucy,Holmes
109,Walter,Bennett
110,Amelia,Howard
111,Daisy,Thompson
112,Edgar,Barnes
113,Amber,Alexander
114,Bruce,Cole
115,Cadie,Holmes
116,Vincent,Barrett
117,Adrian,Bailey
118,Adele,Wilson
119,Chester,Mitchell
120,Alford,Kelley
121,Jared,Clark
122,Lilianna,Nelson
123,Lily,Thomas
124,Charlie,Richardson
125,Belinda,Henderson
126,Elian,Roberts
127,Haris,Johnson
128,Paige,Murray
129,Oliver,Parker
130,William,Dixon
131,Abraham,Bennett
132,Melanie,Bennett
133,Spike,Edwards
134,Caroline,Bailey
135,Lucia,Morgan
136,Briony,Riley
137,Marcus,Russell
138,Emily,Montgomery
139,Aida,Jones
140,Sam,Turner
141,Lana,West
142,Brad,Murray
143,Harold,Alexander
144,Ryan,Hall
145,Tara,Allen
146,Amber,Phillips
147,Victoria,Harrison
148,Kevin,Cole
149,Jack,Hamilton
150,Freddie,Owens
151,Annabella,Hawkins
152,Haris,Chapman
153,Miller,Anderson
154,Amy,Myers
155,Rosie,Payne
156,Paul,Barrett
157,Connie,Johnston
158,Edgar,Taylor
159,Paul,Sullivan
160,Brad,Douglas
161,Michael,Johnson
162,Dominik,Cooper
163,Sofia,Smith
164,Michael,Baker
165,Haris,Perry
166,Audrey,Farrell
167,Aiden,Hawkins
168,Harold,Allen
169,Lydia,Anderson
170,Fiona,Roberts
171,Kelvin,Watson
172,Abraham,Reed
173,Amber,Carter
174,Andrew,Carter
175,Miley,Anderson
176,Sydney,Phillips
177,Richard,Stevens
178,Sienna,Stewart
179,Samantha,Hall
180,Victor,Dixon
181,Max,Foster
182,Melanie,Walker
183,Adele,Walker
184,Jack,Martin
185,Kristian,Martin
186,Alisa,Farrell
187,John,Evans
188,Carl,Spencer
189,Derek,Ellis
190,Owen,Murray
191,Eric,Davis
192,Tyler,Perry
193,Ned,Evans
194,Reid,Andrews
195,Catherine,Miller
196,James,Baker
197,Belinda,Allen
198,Tess,Morgan
199,Eleanor,Farrell
200,Catherine,Smith