"First Name","Last Name","Salary"
"Violet","Perry","46740"
"Gianna","Wilson","65118"
"Ashton","Spencer","97610"
"Bruce","Cooper","115793"
"Ellia","Adams","123045"
"Kirsten","Cameron","192235"
"Madaline","Richardson","130918"
"Chloe","Richards","131944"
"Violet","Sullivan","102941"
"Madaline","Mitchell","74611"
"Kirsten","Morris","76829"
"Byron","Watson","96396"
"Michael","Harrison","145299"
"Michelle","Campbell","177372"
"Brad","Wells","95353"
"Kelsey","Thompson","182647"
"Michelle","Barnes","150921"
"Honey","Ryan","106515"
"Tony","Ryan","97415"
"Luke","Campbell","149123"
"George","Smith","176265"
"Walter","Craig","107472"
"Stuart","Alexander","152914"
"Fiona","Richards","110366"
"Aldus","Casey","176619"
"Emma","Ross","107736"
"Edith","Foster","180505"
"Catherine","West","181317"
"Maya","Crawford","66585"
"George","Andrews","93169"
"Lilianna","Martin","121985"
"Joyce","Elliott","83325"
"Dominik","Tucker","128288"
"Miller","Craig","189595"
"Anna","Hamilton","169119"
"Alford","Baker","51332"
"Tiana","Grant","181829"
"Eleanor","Anderson","100036"
"Victoria","Taylor","153276"
"Jacob","Johnston","84770"
"John","Phillips","144647"
"Kevin","Robinson","30105"
"Oliver","Kelly","151166"
"Julian","Bennett","89946"
"Dale","Henderson","177477"
"Maddie","Dixon","46519"
"Jenna","Cunningham","72592"
"Sofia","Stevens","128397"
"Marcus","Murphy","123034"
"Max","Richardson","140008"
"Wilson","Bennett","77520"
"Alford","Anderson","99298"
"Briony","Brown","47479"
"Kristian","Thomas","30434"
"Justin","Ross","179665"
"Lydia","Casey","194098"
"Vivian","Holmes","108171"
"Carlos","Watson","160170"
"Samantha","Elliott","175414"
"Miranda","Johnson","144756"
"Lenny","Ryan","53338"
"Ted","Ferguson","97399"
"Amanda","Davis","198082"
"Jared","Sullivan","151626"
"Vivian","Campbell","86993"
"Anna","Johnson","167200"
"Florrie","Wilson","172959"
"Richard","Stewart","68822"
"Byron","Richardson","67235"
"Alen","Reed","126234"
"Vincent","Myers","123593"
"Walter","Douglas","181883"
"Cadie","Farrell","126339"
"Marcus","Cunningham","74759"
"Myra","Stewart","71828"
"Eddy","Edwards","103815"
"Sophia","Moore","91278"
"Hailey","Elliott","114420"
"Stella","Campbell","32212"
"Paige","Warren","184313"
"George","Henderson","54427"
"Myra","Davis","79733"
"Hailey","Payne","83611"
"Aiden","Ross","71907"
"Abigail","Reed","80168"
"Chester","Myers","63275"
"Kristian","Reed","66004"
"Leonardo","Cooper","158339"
"Victoria","Gibson","193445"
"Frederick","Cooper","41418"
"Connie","Smith","103095"
"Victoria","Brooks","46783"
"Harold","Carter","108818"
"Ellia","Ferguson","101176"
"Edith","Harris","168410"
"Rafael","Baker","165811"
"Harold","Robinson","68375"
"Rosie","Henderson","141368"
"David","Warren","34633"
"Sophia","Fowler","105611"
"Kevin","Jones","67602"
"Miley","Elliott","128227"
"Robert","Ryan","87493"
"Jenna","Wells","163942"
"Lucas","Mason","172986"
"Alberta","Farrell","129322"
"Vanessa","Andrews","67756"
"Wilson","Smith","64264"
"Ada","Gibson","43742"
"Preston","Stewart","69969"
"Edward","Hall","48576"
"Fenton","Perkins","68170"
"Alberta","Harper","119703"
"Kimberly","Casey","102187"
"Florrie","Mason","110077"
"Freddie","Clark","169871"
"Julia","Cunningham","135463"
"Melissa","Richardson","146082"
"Derek","Stevens","128210"
"Stuart","Harrison","128908"
"Evelyn","Hawkins","157500"
"Rosie","Jones","31304"
"Fiona","Cameron","145692"
"Walter","Riley","66317"
"Preston","Martin","102480"
"Ned","Cunningham","114101"
"Carina","Tucker","32128"
"Alexia","Taylor","140855"
"Ted","Turner","55468"
"Chloe","Kelly","36762"
"Sofia","Martin","46465"
"Stuart","Lloyd","93071"
"Edith","Reed","134989"
"Eric","Kelly","103959"
"Ellia","Perkins","57012"
"Nicholas","Cooper","107975"
"Aida","Stewart","33280"
"Nicholas","Harper","94769"
"Alexia","Evans","142239"
"Charlotte","Craig","47022"
"Arianna","Russell","134739"
"Blake","Montgomery","160815"
"Daisy","Watson","85192"
"James","Smith","54441"
"Hailey","Andrews","63002"
"Kate","Crawford","165270"
"Maya","Casey","194313"
"Maddie","Morrison","168466"
"Annabella","Harrison","111351"
"Antony","Mason","122522"
"Wilson","Cole","97373"
"Lucia","Fowler","68851"
"Brianna","Cooper","123826"
"April","Wilson","43064"
"Edith","Williams","105169"
"Sofia","Baker","196306"
"Vincent","Farrell","127166"
"Freddie","Johnston","107298"
"Dexter","Andrews","137161"
"Stella","Farrell","152635"
"Alberta","Payne","114060"
"Reid","Cole","153627"
"Tiana","Moore","45705"
"Miley","Taylor","49049"
"Ada","Roberts","57585"
"Jasmine","Anderson","72717"
"Hailey","Holmes","127025"
"Olivia","Barnes","60866"
"Aida","Warren","137486"
"Garry","Bailey","69263"
"Lana","Watson","77889"
"Alexander","Robinson","72224"
"Carlos","Turner","30078"
"Aiden","Ellis","133081"
"Oliver","Barnes","96666"
"Daniel","Anderson","63080"
"Carina","Gibson","98351"
"Chloe","Miller","90978"
"Melanie","Roberts","31546"
"James","Reed","179702"
"Ada","Cameron","183500"
"Brooke","Miller","98919"
"Caroline","Clark","48552"
"Rebecca","Gray","107325"
"Oscar","Grant","111984"
"Brianna","Cunningham","123721"
"Carina","Wright","103631"
"Thomas","Davis","39149"
"James","Ryan","31018"
"Sawyer","Davis","40792"
"Audrey","Owens","161784"
"Darcy","Richards","115079"
"Chloe","Wright","164419"
"Alen","Murray","177489"
"Haris","Rogers","134128"
"Jasmine","Moore","192005"
"James","Bailey","50205"
"Alisa","Mitchell","61152"
"Melanie","Russell","52871"
"Sydney","Edwards","157692"
